{"files":{"index.html":{"frameworks":["YummyPizza_BS5","pg.svg.lib","pg.bs5.lib","pg.asset.manager","pg.project.items","pg.code-validator","pg.insight.events","pg.image.overlay","pg.css.grid","bs5","pg.html","pg.components"],"last_page_width":1024},"_misc.html":{"frameworks":["BS5","pg.bs5.lib","pg.asset.manager","pg.project.items","pg.code-validator","pg.insight.events","pg.image.overlay","pg.css.grid","bs5","pg.html","pg.components"],"last_page_width":1399.99},"splash.html":{"frameworks":["BS5","pg.bs5.lib","pg.asset.manager","pg.project.items","pg.code-validator","pg.insight.events","pg.image.overlay","pg.css.grid","bs5","pg.html","pg.components"],"last_page_width":1042.99},"splash2.html":{"frameworks":["BS5","pg.bs5.lib","pg.insight.events","pg.css.grid","pg.image.overlay","pg.code-validator","pg.project.items","pg.asset.manager","bs5","pg.html","pg.components"],"last_page_width":1400},"index-2.html":{"frameworks":["BS5","pg.bs5.lib","pg.asset.manager","pg.project.items","pg.code-validator","pg.insight.events","pg.image.overlay","pg.css.grid","bs5","pg.html","pg.components"],"last_page_width":1440},"index-3.html":{"frameworks":["BS5","pg.bs5.lib","pg.asset.manager","pg.project.items","pg.code-validator","pg.insight.events","pg.image.overlay","pg.css.grid","bs5","pg.html","pg.components"],"last_page_width":1399.99},"index-4.html":{"frameworks":["BS5","pg.bs5.lib","pg.asset.manager","pg.project.items","pg.code-validator","pg.insight.events","pg.image.overlay","pg.css.grid","bs5","pg.html","pg.components"],"last_page_width":1440},"index-3 copy.html":{"frameworks":["BS5","pg.bs5.lib","pg.asset.manager","pg.insight.events","pg.project.items","pg.css.grid","pg.code-validator","pg.image.overlay","bs5","pg.html","pg.components"],"last_page_width":1440},"index-1.html":{"frameworks":["BS5","pg.bs5.lib","pg.asset.manager","pg.project.items","pg.code-validator","pg.insight.events","pg.image.overlay","pg.css.grid","bs5","pg.html","pg.components"],"last_page_width":1440},"_misc2.html":{"frameworks":["BS5","pg.bs5.lib","pg.asset.manager","pg.project.items","pg.code-validator","pg.insight.events","pg.image.overlay","pg.css.grid","bs5","pg.html","pg.components"],"last_page_width":1440},"index-2a.html":{"frameworks":["BS5","pg.bs5.lib","pg.asset.manager","pg.project.items","pg.code-validator","pg.insight.events","pg.image.overlay","pg.css.grid","bs5","pg.html","pg.components"],"last_page_width":1440}},"breakpoints":["576px","768px","992px","1200px","1400px"],"frameworks":["YummyPizza_BS5","pg.svg.lib","pg.bs5.lib","pg.asset.manager","pg.project.items","pg.code-validator","pg.insight.events","pg.image.overlay","pg.css.grid","bs5","pg.html","pg.components"],"template_framework_id":"bootstrap","urls":{"index.html":{"open-page-views":[{"w":1024,"h":0},{"w":480,"h":0}]},"blocks.css":{"locked":true,"locked_reason":"This stylesheet is a library resource and will be overwritten on update. Over-ride CSS rules in the your project's stylesheet."},"_misc.html":{"open-page-views":[{"w":1400,"h":0}]},"splash.html":{"open-page-views":[{"w":1043,"h":0}]},"splash2.html":{"open-page-views":[{"w":1400,"h":0}]},"index-3.html":{"open-page-views":[{"w":1400,"h":0}]},"index-2.html":{"open-page-views":[{"w":1440,"h":0}]},"index-4.html":{"open-page-views":[{"w":1440,"h":0}]},"index-3%2520copy.html":{"open-page-views":[{"w":1440,"h":0}]},"index-3%20copy.html":{"open-page-views":[{"w":1440,"h":0}]},"index-1.html":{"open-page-views":[{"w":1440,"h":0}]},"_misc2.html":{"open-page-views":[{"w":1440,"h":0}]},"index-2a.html":{"open-page-views":[{"w":1440,"h":0}]}},"active-design-provider":"bs5","cs-for-overrides":"style.css","open-pages":["index.html"]}